<?xml version="1.0" encoding="UTF-8"?><Document>
    <de.tudarmstadt.ukp.dkpro.core.api.metadata.type.DocumentMetaData sofa="Sofa" begin="0" end="109" language="x-unspecified" documentTitle="s3_Tweet_281_767_implicit.txt" documentId="CURATION_USER" documentUri="file:/C:/Users/melin/.inception/repository/project/2/document/20..." collectionId="file:/C:/Users/melin/.inception/repository/project/2/document/20..." documentBaseUri="file:/C:/Users/melin/.inception/repository/project/2/document/20..." isLastSegment="false">
        <de.tudarmstadt.ukp.dkpro.core.api.segmentation.type.Sentence sofa="Sofa" begin="0" end="73" id="null">
            <custom.Span sofa="Sofa" begin="0" end="23" CoarseSA="DIRECTIVE" FineSA="ADDRESS" stype="ment">
                <de.tudarmstadt.ukp.dkpro.core.api.segmentation.type.Token sofa="Sofa" begin="0" end="1" parent="null" lemma="null" stem="null" pos="null" morph="null" id="null" form="null" syntacticFunction="null" order="0">
                    <de.tudarmstadt.ukp.dkpro.core.api.metadata.type.TagsetDescription sofa="Sofa" begin="0" end="0" layer="de.tudarmstadt.ukp.dkpro.core.api.syntax.type.dependency.Depende..." name="UD Universal Dependencies (v2)" tags="null" componentName="null" modelLocation="null" modelVariant="null" modelLanguage="null" modelVersion="null" input="false"/>
                    <de.tudarmstadt.ukp.dkpro.core.api.metadata.type.TagsetDescription sofa="Sofa" begin="0" end="0" layer="de.tudarmstadt.ukp.dkpro.core.api.ner.type.NamedEntity" name="Named Entity tags" tags="null" componentName="null" modelLocation="null" modelVariant="null" modelLanguage="null" modelVersion="null" input="false"/>
                    <de.tudarmstadt.ukp.dkpro.core.api.metadata.type.TagsetDescription sofa="Sofa" begin="0" end="0" layer="de.tudarmstadt.ukp.dkpro.core.api.transform.type.SofaChangeAnnot..." name="Operation" tags="null" componentName="null" modelLocation="null" modelVariant="null" modelLanguage="null" modelVersion="null" input="false"/>
                    <de.tudarmstadt.ukp.dkpro.core.api.metadata.type.TagsetDescription sofa="Sofa" begin="0" end="0" layer="de.tudarmstadt.ukp.dkpro.core.api.lexmorph.type.pos.POS" name="UD Universal POS tags (v2)" tags="null" componentName="null" modelLocation="null" modelVariant="null" modelLanguage="null" modelVersion="null" input="false"/>
                    <de.tudarmstadt.ukp.dkpro.core.api.metadata.type.TagsetDescription sofa="Sofa" begin="0" end="0" layer="custom.Span" name="Sentence Types" tags="null" componentName="null" modelLocation="null" modelVariant="null" modelLanguage="null" modelVersion="null" input="false"/>
                    @
                </de.tudarmstadt.ukp.dkpro.core.api.segmentation.type.Token>
                <de.tudarmstadt.ukp.dkpro.core.api.segmentation.type.Token sofa="Sofa" begin="1" end="9" parent="null" lemma="null" stem="null" pos="null" morph="null" id="null" form="null" syntacticFunction="null" order="0">wolfibey</de.tudarmstadt.ukp.dkpro.core.api.segmentation.type.Token>
                 
                <de.tudarmstadt.ukp.dkpro.core.api.segmentation.type.Token sofa="Sofa" begin="10" end="11" parent="null" lemma="null" stem="null" pos="null" morph="null" id="null" form="null" syntacticFunction="null" order="0">@</de.tudarmstadt.ukp.dkpro.core.api.segmentation.type.Token>
                <de.tudarmstadt.ukp.dkpro.core.api.segmentation.type.Token sofa="Sofa" begin="11" end="23" parent="null" lemma="null" stem="null" pos="null" morph="null" id="null" form="null" syntacticFunction="null" order="0">SawsanChebli</de.tudarmstadt.ukp.dkpro.core.api.segmentation.type.Token>
            </custom.Span>
             
            <custom.Span sofa="Sofa" begin="24" end="73" CoarseSA="DIRECTIVE" FineSA="REQUEST" stype="f">
                <de.tudarmstadt.ukp.dkpro.core.api.segmentation.type.Token sofa="Sofa" begin="24" end="26" parent="null" lemma="null" stem="null" pos="null" morph="null" id="null" form="null" syntacticFunction="null" order="0">Du</de.tudarmstadt.ukp.dkpro.core.api.segmentation.type.Token>
                 
                <de.tudarmstadt.ukp.dkpro.core.api.segmentation.type.Token sofa="Sofa" begin="27" end="33" parent="null" lemma="null" stem="null" pos="null" morph="null" id="null" form="null" syntacticFunction="null" order="0">suchst</de.tudarmstadt.ukp.dkpro.core.api.segmentation.type.Token>
                 
                <de.tudarmstadt.ukp.dkpro.core.api.segmentation.type.Token sofa="Sofa" begin="34" end="37" parent="null" lemma="null" stem="null" pos="null" morph="null" id="null" form="null" syntacticFunction="null" order="0">Dir</de.tudarmstadt.ukp.dkpro.core.api.segmentation.type.Token>
                 
                <de.tudarmstadt.ukp.dkpro.core.api.segmentation.type.Token sofa="Sofa" begin="38" end="42" parent="null" lemma="null" stem="null" pos="null" morph="null" id="null" form="null" syntacticFunction="null" order="0">auch</de.tudarmstadt.ukp.dkpro.core.api.segmentation.type.Token>
                 
                <de.tudarmstadt.ukp.dkpro.core.api.segmentation.type.Token sofa="Sofa" begin="43" end="46" parent="null" lemma="null" stem="null" pos="null" morph="null" id="null" form="null" syntacticFunction="null" order="0">nur</de.tudarmstadt.ukp.dkpro.core.api.segmentation.type.Token>
                 
                <de.tudarmstadt.ukp.dkpro.core.api.segmentation.type.Token sofa="Sofa" begin="47" end="53" parent="null" lemma="null" stem="null" pos="null" morph="null" id="null" form="null" syntacticFunction="null" order="0">Frauen</de.tudarmstadt.ukp.dkpro.core.api.segmentation.type.Token>
                 
                <de.tudarmstadt.ukp.dkpro.core.api.segmentation.type.Token sofa="Sofa" begin="54" end="56" parent="null" lemma="null" stem="null" pos="null" morph="null" id="null" form="null" syntacticFunction="null" order="0">in</de.tudarmstadt.ukp.dkpro.core.api.segmentation.type.Token>
                 
                <de.tudarmstadt.ukp.dkpro.core.api.segmentation.type.Token sofa="Sofa" begin="57" end="62" parent="null" lemma="null" stem="null" pos="null" morph="null" id="null" form="null" syntacticFunction="null" order="0">Burka</de.tudarmstadt.ukp.dkpro.core.api.segmentation.type.Token>
                 
                <de.tudarmstadt.ukp.dkpro.core.api.segmentation.type.Token sofa="Sofa" begin="63" end="66" parent="null" lemma="null" stem="null" pos="null" morph="null" id="null" form="null" syntacticFunction="null" order="0">aus</de.tudarmstadt.ukp.dkpro.core.api.segmentation.type.Token>
                <de.tudarmstadt.ukp.dkpro.core.api.segmentation.type.Token sofa="Sofa" begin="66" end="67" parent="null" lemma="null" stem="null" pos="null" morph="null" id="null" form="null" syntacticFunction="null" order="0">,</de.tudarmstadt.ukp.dkpro.core.api.segmentation.type.Token>
                 
                <de.tudarmstadt.ukp.dkpro.core.api.segmentation.type.Token sofa="Sofa" begin="68" end="72" parent="null" lemma="null" stem="null" pos="null" morph="null" id="null" form="null" syntacticFunction="null" order="0">oder</de.tudarmstadt.ukp.dkpro.core.api.segmentation.type.Token>
                <de.tudarmstadt.ukp.dkpro.core.api.segmentation.type.Token sofa="Sofa" begin="72" end="73" parent="null" lemma="null" stem="null" pos="null" morph="null" id="null" form="null" syntacticFunction="null" order="0">?</de.tudarmstadt.ukp.dkpro.core.api.segmentation.type.Token>
            </custom.Span>
        </de.tudarmstadt.ukp.dkpro.core.api.segmentation.type.Sentence>
         
        <de.tudarmstadt.ukp.dkpro.core.api.segmentation.type.Sentence sofa="Sofa" begin="74" end="109" id="null">
            <custom.Span sofa="Sofa" begin="74" end="109" CoarseSA="ASSERTIVE" FineSA="ASSERT" stype="frag">
                <de.tudarmstadt.ukp.dkpro.core.api.segmentation.type.Token sofa="Sofa" begin="74" end="82" parent="null" lemma="null" stem="null" pos="null" morph="null" id="null" form="null" syntacticFunction="null" order="0">Aussehen</de.tudarmstadt.ukp.dkpro.core.api.segmentation.type.Token>
                 
                <de.tudarmstadt.ukp.dkpro.core.api.segmentation.type.Token sofa="Sofa" begin="83" end="86" parent="null" lemma="null" stem="null" pos="null" morph="null" id="null" form="null" syntacticFunction="null" order="0">fÃ¼r</de.tudarmstadt.ukp.dkpro.core.api.segmentation.type.Token>
                 
                <de.tudarmstadt.ukp.dkpro.core.api.segmentation.type.Token sofa="Sofa" begin="87" end="91" parent="null" lemma="null" stem="null" pos="null" morph="null" id="null" form="null" syntacticFunction="null" order="0">Dich</de.tudarmstadt.ukp.dkpro.core.api.segmentation.type.Token>
                 
                <de.tudarmstadt.ukp.dkpro.core.api.segmentation.type.Token sofa="Sofa" begin="92" end="98" parent="null" lemma="null" stem="null" pos="null" morph="null" id="null" form="null" syntacticFunction="null" order="0">vÃ¶llig</de.tudarmstadt.ukp.dkpro.core.api.segmentation.type.Token>
                 
                <de.tudarmstadt.ukp.dkpro.core.api.segmentation.type.Token sofa="Sofa" begin="99" end="108" parent="null" lemma="null" stem="null" pos="null" morph="null" id="null" form="null" syntacticFunction="null" order="0">unwichtig</de.tudarmstadt.ukp.dkpro.core.api.segmentation.type.Token>
                <de.tudarmstadt.ukp.dkpro.core.api.segmentation.type.Token sofa="Sofa" begin="108" end="109" parent="null" lemma="null" stem="null" pos="null" morph="null" id="null" form="null" syntacticFunction="null" order="0">.</de.tudarmstadt.ukp.dkpro.core.api.segmentation.type.Token>
            </custom.Span>
        </de.tudarmstadt.ukp.dkpro.core.api.segmentation.type.Sentence>
    </de.tudarmstadt.ukp.dkpro.core.api.metadata.type.DocumentMetaData>
</Document>
