<?xml version="1.0" encoding="UTF-8"?><Document>
    <de.tudarmstadt.ukp.dkpro.core.api.segmentation.type.Sentence sofa="Sofa" begin="0" end="54" id="null">
        <custom.Span sofa="Sofa" begin="0" end="54" CoarseSA="EXPRESSIVE" FineSA="COMPLAIN" stype="other">
            <de.tudarmstadt.ukp.dkpro.core.api.metadata.type.DocumentMetaData sofa="Sofa" begin="0" end="54" language="x-unspecified" documentTitle="s1-2_Tweet_497_1240_insult.txt" documentId="CURATION_USER" documentUri="file:/C:/Users/melin/.inception/repository/project/2/document/17..." collectionId="file:/C:/Users/melin/.inception/repository/project/2/document/17..." documentBaseUri="file:/C:/Users/melin/.inception/repository/project/2/document/17..." isLastSegment="false">
                <de.tudarmstadt.ukp.dkpro.core.api.segmentation.type.Token sofa="Sofa" begin="0" end="5" parent="null" lemma="null" stem="null" pos="null" morph="null" id="null" form="null" syntacticFunction="null" order="0">
                    <de.tudarmstadt.ukp.dkpro.core.api.metadata.type.TagsetDescription sofa="Sofa" begin="0" end="0" layer="de.tudarmstadt.ukp.dkpro.core.api.syntax.type.dependency.Depende..." name="UD Universal Dependencies (v2)" tags="null" componentName="null" modelLocation="null" modelVariant="null" modelLanguage="null" modelVersion="null" input="false"/>
                    <de.tudarmstadt.ukp.dkpro.core.api.metadata.type.TagsetDescription sofa="Sofa" begin="0" end="0" layer="de.tudarmstadt.ukp.dkpro.core.api.ner.type.NamedEntity" name="Named Entity tags" tags="null" componentName="null" modelLocation="null" modelVariant="null" modelLanguage="null" modelVersion="null" input="false"/>
                    <de.tudarmstadt.ukp.dkpro.core.api.metadata.type.TagsetDescription sofa="Sofa" begin="0" end="0" layer="de.tudarmstadt.ukp.dkpro.core.api.transform.type.SofaChangeAnnot..." name="Operation" tags="null" componentName="null" modelLocation="null" modelVariant="null" modelLanguage="null" modelVersion="null" input="false"/>
                    <de.tudarmstadt.ukp.dkpro.core.api.metadata.type.TagsetDescription sofa="Sofa" begin="0" end="0" layer="de.tudarmstadt.ukp.dkpro.core.api.lexmorph.type.pos.POS" name="UD Universal POS tags (v2)" tags="null" componentName="null" modelLocation="null" modelVariant="null" modelLanguage="null" modelVersion="null" input="false"/>
                    <de.tudarmstadt.ukp.dkpro.core.api.metadata.type.TagsetDescription sofa="Sofa" begin="0" end="0" layer="custom.Span" name="Sentence Types" tags="null" componentName="null" modelLocation="null" modelVariant="null" modelLanguage="null" modelVersion="null" input="false"/>
                    Heute
                </de.tudarmstadt.ukp.dkpro.core.api.segmentation.type.Token>
                 
                <de.tudarmstadt.ukp.dkpro.core.api.segmentation.type.Token sofa="Sofa" begin="6" end="13" parent="null" lemma="null" stem="null" pos="null" morph="null" id="null" form="null" syntacticFunction="null" order="0">gelernt</de.tudarmstadt.ukp.dkpro.core.api.segmentation.type.Token>
                <de.tudarmstadt.ukp.dkpro.core.api.segmentation.type.Token sofa="Sofa" begin="13" end="14" parent="null" lemma="null" stem="null" pos="null" morph="null" id="null" form="null" syntacticFunction="null" order="0">:</de.tudarmstadt.ukp.dkpro.core.api.segmentation.type.Token>
                 
                <de.tudarmstadt.ukp.dkpro.core.api.segmentation.type.Token sofa="Sofa" begin="15" end="21" parent="null" lemma="null" stem="null" pos="null" morph="null" id="null" form="null" syntacticFunction="null" order="0">MÃ¼ller</de.tudarmstadt.ukp.dkpro.core.api.segmentation.type.Token>
                 
                <de.tudarmstadt.ukp.dkpro.core.api.segmentation.type.Token sofa="Sofa" begin="22" end="25" parent="null" lemma="null" stem="null" pos="null" morph="null" id="null" form="null" syntacticFunction="null" order="0">ist</de.tudarmstadt.ukp.dkpro.core.api.segmentation.type.Token>
                 
                <de.tudarmstadt.ukp.dkpro.core.api.segmentation.type.Token sofa="Sofa" begin="26" end="29" parent="null" lemma="null" stem="null" pos="null" morph="null" id="null" form="null" syntacticFunction="null" order="0">die</de.tudarmstadt.ukp.dkpro.core.api.segmentation.type.Token>
                 
                <de.tudarmstadt.ukp.dkpro.core.api.segmentation.type.Token sofa="Sofa" begin="30" end="45" parent="null" lemma="null" stem="null" pos="null" morph="null" id="null" form="null" syntacticFunction="null" order="0">Steigerungsform</de.tudarmstadt.ukp.dkpro.core.api.segmentation.type.Token>
                 
                <de.tudarmstadt.ukp.dkpro.core.api.segmentation.type.Token sofa="Sofa" begin="46" end="49" parent="null" lemma="null" stem="null" pos="null" morph="null" id="null" form="null" syntacticFunction="null" order="0">von</de.tudarmstadt.ukp.dkpro.core.api.segmentation.type.Token>
                 
                <de.tudarmstadt.ukp.dkpro.core.api.segmentation.type.Token sofa="Sofa" begin="50" end="54" parent="null" lemma="null" stem="null" pos="null" morph="null" id="null" form="null" syntacticFunction="null" order="0">MÃ¼ll</de.tudarmstadt.ukp.dkpro.core.api.segmentation.type.Token>
            </de.tudarmstadt.ukp.dkpro.core.api.metadata.type.DocumentMetaData>
        </custom.Span>
    </de.tudarmstadt.ukp.dkpro.core.api.segmentation.type.Sentence>
</Document>
