<?xml version="1.0" encoding="UTF-8"?><Document>
    <de.tudarmstadt.ukp.dkpro.core.api.segmentation.type.Sentence sofa="Sofa" begin="0" end="50" id="null">
        <de.tudarmstadt.ukp.dkpro.core.api.metadata.type.DocumentMetaData sofa="Sofa" begin="0" end="50" language="x-unspecified" documentTitle="s3_Tweet_34_163_explicit.txt" documentId="CURATION_USER" documentUri="file:/C:/Users/melin/.inception/repository/project/2/document/19..." collectionId="file:/C:/Users/melin/.inception/repository/project/2/document/19..." documentBaseUri="file:/C:/Users/melin/.inception/repository/project/2/document/19..." isLastSegment="false">
            <custom.Span sofa="Sofa" begin="0" end="12" CoarseSA="DIRECTIVE" FineSA="ADDRESS" stype="ment">
                <de.tudarmstadt.ukp.dkpro.core.api.segmentation.type.Token sofa="Sofa" begin="0" end="1" parent="null" lemma="null" stem="null" pos="null" morph="null" id="null" form="null" syntacticFunction="null" order="0">
                    <de.tudarmstadt.ukp.dkpro.core.api.metadata.type.TagsetDescription sofa="Sofa" begin="0" end="0" layer="de.tudarmstadt.ukp.dkpro.core.api.syntax.type.dependency.Depende..." name="UD Universal Dependencies (v2)" tags="null" componentName="null" modelLocation="null" modelVariant="null" modelLanguage="null" modelVersion="null" input="false"/>
                    <de.tudarmstadt.ukp.dkpro.core.api.metadata.type.TagsetDescription sofa="Sofa" begin="0" end="0" layer="de.tudarmstadt.ukp.dkpro.core.api.ner.type.NamedEntity" name="Named Entity tags" tags="null" componentName="null" modelLocation="null" modelVariant="null" modelLanguage="null" modelVersion="null" input="false"/>
                    <de.tudarmstadt.ukp.dkpro.core.api.metadata.type.TagsetDescription sofa="Sofa" begin="0" end="0" layer="de.tudarmstadt.ukp.dkpro.core.api.transform.type.SofaChangeAnnot..." name="Operation" tags="null" componentName="null" modelLocation="null" modelVariant="null" modelLanguage="null" modelVersion="null" input="false"/>
                    <de.tudarmstadt.ukp.dkpro.core.api.metadata.type.TagsetDescription sofa="Sofa" begin="0" end="0" layer="de.tudarmstadt.ukp.dkpro.core.api.lexmorph.type.pos.POS" name="UD Universal POS tags (v2)" tags="null" componentName="null" modelLocation="null" modelVariant="null" modelLanguage="null" modelVersion="null" input="false"/>
                    <de.tudarmstadt.ukp.dkpro.core.api.metadata.type.TagsetDescription sofa="Sofa" begin="0" end="0" layer="custom.Span" name="Sentence Types" tags="null" componentName="null" modelLocation="null" modelVariant="null" modelLanguage="null" modelVersion="null" input="false"/>
                    @
                </de.tudarmstadt.ukp.dkpro.core.api.segmentation.type.Token>
                <de.tudarmstadt.ukp.dkpro.core.api.segmentation.type.Token sofa="Sofa" begin="1" end="12" parent="null" lemma="null" stem="null" pos="null" morph="null" id="null" form="null" syntacticFunction="null" order="0">AfD_Support</de.tudarmstadt.ukp.dkpro.core.api.segmentation.type.Token>
            </custom.Span>
             
            <custom.Span sofa="Sofa" begin="13" end="50" CoarseSA="EXPRESSIVE" FineSA="WISH" stype="excl">
                <de.tudarmstadt.ukp.dkpro.core.api.segmentation.type.Token sofa="Sofa" begin="13" end="24" parent="null" lemma="null" stem="null" pos="null" morph="null" id="null" form="null" syntacticFunction="null" order="0">Hoffentlich</de.tudarmstadt.ukp.dkpro.core.api.segmentation.type.Token>
                 
                <de.tudarmstadt.ukp.dkpro.core.api.segmentation.type.Token sofa="Sofa" begin="25" end="31" parent="null" lemma="null" stem="null" pos="null" morph="null" id="null" form="null" syntacticFunction="null" order="0">finden</de.tudarmstadt.ukp.dkpro.core.api.segmentation.type.Token>
                 
                <de.tudarmstadt.ukp.dkpro.core.api.segmentation.type.Token sofa="Sofa" begin="32" end="35" parent="null" lemma="null" stem="null" pos="null" morph="null" id="null" form="null" syntacticFunction="null" order="0">Sie</de.tudarmstadt.ukp.dkpro.core.api.segmentation.type.Token>
                 
                <de.tudarmstadt.ukp.dkpro.core.api.segmentation.type.Token sofa="Sofa" begin="36" end="40" parent="null" lemma="null" stem="null" pos="null" morph="null" id="null" form="null" syntacticFunction="null" order="0">alle</de.tudarmstadt.ukp.dkpro.core.api.segmentation.type.Token>
                 
                <de.tudarmstadt.ukp.dkpro.core.api.segmentation.type.Token sofa="Sofa" begin="41" end="49" parent="null" lemma="null" stem="null" pos="null" morph="null" id="null" form="null" syntacticFunction="null" order="0">Schweine</de.tudarmstadt.ukp.dkpro.core.api.segmentation.type.Token>
                <de.tudarmstadt.ukp.dkpro.core.api.segmentation.type.Token sofa="Sofa" begin="49" end="50" parent="null" lemma="null" stem="null" pos="null" morph="null" id="null" form="null" syntacticFunction="null" order="0">!</de.tudarmstadt.ukp.dkpro.core.api.segmentation.type.Token>
            </custom.Span>
        </de.tudarmstadt.ukp.dkpro.core.api.metadata.type.DocumentMetaData>
    </de.tudarmstadt.ukp.dkpro.core.api.segmentation.type.Sentence>
</Document>
