<?xml version="1.0" encoding="UTF-8"?><Document>
    <de.tudarmstadt.ukp.dkpro.core.api.segmentation.type.Sentence sofa="Sofa" begin="0" end="116" id="null">
        <custom.Span sofa="Sofa" begin="0" end="116" CoarseSA="DIRECTIVE" FineSA="SUGGEST" stype="frag">
            <de.tudarmstadt.ukp.dkpro.core.api.metadata.type.DocumentMetaData sofa="Sofa" begin="0" end="116" language="x-unspecified" documentTitle="s1-2_Tweet_2063_670_profanity.txt" documentId="CURATION_USER" documentUri="file:/C:/Users/melin/.inception/repository/project/2/document/19..." collectionId="file:/C:/Users/melin/.inception/repository/project/2/document/19..." documentBaseUri="file:/C:/Users/melin/.inception/repository/project/2/document/19..." isLastSegment="false">
                <de.tudarmstadt.ukp.dkpro.core.api.segmentation.type.Token sofa="Sofa" begin="0" end="4" parent="null" lemma="null" stem="null" pos="null" morph="null" id="null" form="null" syntacticFunction="null" order="0">
                    <de.tudarmstadt.ukp.dkpro.core.api.metadata.type.TagsetDescription sofa="Sofa" begin="0" end="0" layer="de.tudarmstadt.ukp.dkpro.core.api.syntax.type.dependency.Depende..." name="UD Universal Dependencies (v2)" tags="null" componentName="null" modelLocation="null" modelVariant="null" modelLanguage="null" modelVersion="null" input="false"/>
                    <de.tudarmstadt.ukp.dkpro.core.api.metadata.type.TagsetDescription sofa="Sofa" begin="0" end="0" layer="de.tudarmstadt.ukp.dkpro.core.api.ner.type.NamedEntity" name="Named Entity tags" tags="null" componentName="null" modelLocation="null" modelVariant="null" modelLanguage="null" modelVersion="null" input="false"/>
                    <de.tudarmstadt.ukp.dkpro.core.api.metadata.type.TagsetDescription sofa="Sofa" begin="0" end="0" layer="de.tudarmstadt.ukp.dkpro.core.api.transform.type.SofaChangeAnnot..." name="Operation" tags="null" componentName="null" modelLocation="null" modelVariant="null" modelLanguage="null" modelVersion="null" input="false"/>
                    <de.tudarmstadt.ukp.dkpro.core.api.metadata.type.TagsetDescription sofa="Sofa" begin="0" end="0" layer="de.tudarmstadt.ukp.dkpro.core.api.lexmorph.type.pos.POS" name="UD Universal POS tags (v2)" tags="null" componentName="null" modelLocation="null" modelVariant="null" modelLanguage="null" modelVersion="null" input="false"/>
                    <de.tudarmstadt.ukp.dkpro.core.api.metadata.type.TagsetDescription sofa="Sofa" begin="0" end="0" layer="custom.Span" name="Sentence Types" tags="null" componentName="null" modelLocation="null" modelVariant="null" modelLanguage="null" modelVersion="null" input="false"/>
                    Wenn
                </de.tudarmstadt.ukp.dkpro.core.api.segmentation.type.Token>
                 
                <de.tudarmstadt.ukp.dkpro.core.api.segmentation.type.Token sofa="Sofa" begin="5" end="8" parent="null" lemma="null" stem="null" pos="null" morph="null" id="null" form="null" syntacticFunction="null" order="0">ihr</de.tudarmstadt.ukp.dkpro.core.api.segmentation.type.Token>
                 
                <de.tudarmstadt.ukp.dkpro.core.api.segmentation.type.Token sofa="Sofa" begin="9" end="12" parent="null" lemma="null" stem="null" pos="null" morph="null" id="null" form="null" syntacticFunction="null" order="0">mal</de.tudarmstadt.ukp.dkpro.core.api.segmentation.type.Token>
                 
                <de.tudarmstadt.ukp.dkpro.core.api.segmentation.type.Token sofa="Sofa" begin="13" end="19" parent="null" lemma="null" stem="null" pos="null" morph="null" id="null" form="null" syntacticFunction="null" order="0">wieder</de.tudarmstadt.ukp.dkpro.core.api.segmentation.type.Token>
                 
                <de.tudarmstadt.ukp.dkpro.core.api.segmentation.type.Token sofa="Sofa" begin="20" end="22" parent="null" lemma="null" stem="null" pos="null" morph="null" id="null" form="null" syntacticFunction="null" order="0">in</de.tudarmstadt.ukp.dkpro.core.api.segmentation.type.Token>
                 
                <de.tudarmstadt.ukp.dkpro.core.api.segmentation.type.Token sofa="Sofa" begin="23" end="26" parent="null" lemma="null" stem="null" pos="null" morph="null" id="null" form="null" syntacticFunction="null" order="0">den</de.tudarmstadt.ukp.dkpro.core.api.segmentation.type.Token>
                 
                <de.tudarmstadt.ukp.dkpro.core.api.segmentation.type.Token sofa="Sofa" begin="27" end="32" parent="null" lemma="null" stem="null" pos="null" morph="null" id="null" form="null" syntacticFunction="null" order="0">arsch</de.tudarmstadt.ukp.dkpro.core.api.segmentation.type.Token>
                 
                <de.tudarmstadt.ukp.dkpro.core.api.segmentation.type.Token sofa="Sofa" begin="33" end="40" parent="null" lemma="null" stem="null" pos="null" morph="null" id="null" form="null" syntacticFunction="null" order="0">g'fickt</de.tudarmstadt.ukp.dkpro.core.api.segmentation.type.Token>
                 
                <de.tudarmstadt.ukp.dkpro.core.api.segmentation.type.Token sofa="Sofa" begin="41" end="47" parent="null" lemma="null" stem="null" pos="null" morph="null" id="null" form="null" syntacticFunction="null" order="0">werded</de.tudarmstadt.ukp.dkpro.core.api.segmentation.type.Token>
                 
                <de.tudarmstadt.ukp.dkpro.core.api.segmentation.type.Token sofa="Sofa" begin="48" end="53" parent="null" lemma="null" stem="null" pos="null" morph="null" id="null" form="null" syntacticFunction="null" order="0">immer</de.tudarmstadt.ukp.dkpro.core.api.segmentation.type.Token>
                 
                <de.tudarmstadt.ukp.dkpro.core.api.segmentation.type.Token sofa="Sofa" begin="54" end="59" parent="null" lemma="null" stem="null" pos="null" morph="null" id="null" form="null" syntacticFunction="null" order="0">schon</de.tudarmstadt.ukp.dkpro.core.api.segmentation.type.Token>
                 
                <de.tudarmstadt.ukp.dkpro.core.api.segmentation.type.Token sofa="Sofa" begin="60" end="63" parent="null" lemma="null" stem="null" pos="null" morph="null" id="null" form="null" syntacticFunction="null" order="0">ein</de.tudarmstadt.ukp.dkpro.core.api.segmentation.type.Token>
                 
                <de.tudarmstadt.ukp.dkpro.core.api.segmentation.type.Token sofa="Sofa" begin="64" end="70" parent="null" lemma="null" stem="null" pos="null" morph="null" id="null" form="null" syntacticFunction="null" order="0">kissen</de.tudarmstadt.ukp.dkpro.core.api.segmentation.type.Token>
                 
                <de.tudarmstadt.ukp.dkpro.core.api.segmentation.type.Token sofa="Sofa" begin="71" end="77" parent="null" lemma="null" stem="null" pos="null" morph="null" id="null" form="null" syntacticFunction="null" order="0">unters</de.tudarmstadt.ukp.dkpro.core.api.segmentation.type.Token>
                 
                <de.tudarmstadt.ukp.dkpro.core.api.segmentation.type.Token sofa="Sofa" begin="78" end="84" parent="null" lemma="null" stem="null" pos="null" morph="null" id="null" form="null" syntacticFunction="null" order="0">becken</de.tudarmstadt.ukp.dkpro.core.api.segmentation.type.Token>
                 
                <de.tudarmstadt.ukp.dkpro.core.api.segmentation.type.Token sofa="Sofa" begin="85" end="87" parent="null" lemma="null" stem="null" pos="null" morph="null" id="null" form="null" syntacticFunction="null" order="0">um</de.tudarmstadt.ukp.dkpro.core.api.segmentation.type.Token>
                 
                <de.tudarmstadt.ukp.dkpro.core.api.segmentation.type.Token sofa="Sofa" begin="88" end="91" parent="null" lemma="null" stem="null" pos="null" morph="null" id="null" form="null" syntacticFunction="null" order="0">die</de.tudarmstadt.ukp.dkpro.core.api.segmentation.type.Token>
                 
                <de.tudarmstadt.ukp.dkpro.core.api.segmentation.type.Token sofa="Sofa" begin="92" end="103" parent="null" lemma="null" stem="null" pos="null" morph="null" id="null" form="null" syntacticFunction="null" order="0">wirbelsÃ¤ule</de.tudarmstadt.ukp.dkpro.core.api.segmentation.type.Token>
                 
                <de.tudarmstadt.ukp.dkpro.core.api.segmentation.type.Token sofa="Sofa" begin="104" end="106" parent="null" lemma="null" stem="null" pos="null" morph="null" id="null" form="null" syntacticFunction="null" order="0">zu</de.tudarmstadt.ukp.dkpro.core.api.segmentation.type.Token>
                 
                <de.tudarmstadt.ukp.dkpro.core.api.segmentation.type.Token sofa="Sofa" begin="107" end="116" parent="null" lemma="null" stem="null" pos="null" morph="null" id="null" form="null" syntacticFunction="null" order="0">entlasten</de.tudarmstadt.ukp.dkpro.core.api.segmentation.type.Token>
            </de.tudarmstadt.ukp.dkpro.core.api.metadata.type.DocumentMetaData>
        </custom.Span>
    </de.tudarmstadt.ukp.dkpro.core.api.segmentation.type.Sentence>
</Document>
